categoria,test,orden,tipo,pregunta,opcion_a,opcion_b,opcion_c,opcion_d,opcion_e,opcion_f,correctas
2-3,1 Samuel - Capitolul 1,1,unica,Cum se numea barbatul din Ramataim-Tofim?,Eli,Elcana,Saul,,,,b
2-3,1 Samuel - Capitolul 1,2,unica,Cum se numea sotia lui Elcana care nu avea copii?,Ana,Penina,Maria,,,,a
2-3,1 Samuel - Capitolul 1,3,unica,"Cine avea copii, spre deosebire de Ana?",Penina,Ana,Elisabeta,,,,a
2-3,1 Samuel - Capitolul 1,4,unica,Unde mergea Elcana in fiecare an ca sa se inchine si sa aduca jertfe Domnului?,Ierusalim,Betleem,Silo,,,,c
2-3,1 Samuel - Capitolul 1,5,unica,Cum se purta Penina cu Ana?,O incuraja,O necajea,O ajuta sa se roage,,,,b
2-3,1 Samuel - Capitolul 1,6,unica,Ce a facut Ana cand era foarte mahnita?,S-a rugat Domnului,A plecat de acasa,S-a certat cu Penina,,,,a
2-3,1 Samuel - Capitolul 1,7,unica,De ce a crezut Eli ca Ana este beata?,Pentru ca Ana vorbea foarte tare,Pentru ca Ana se clatina,"Pentru ca doar buzele i se miscau, iar glasul nu i se auzea",,,,c
2-3,1 Samuel - Capitolul 1,8,unica,Ce i-a raspuns Ana lui Eli cand acesta a mustrat-o?,Ca este o femeie necajita si ca isi varsa sufletul inaintea Domnului,Ca Penina a facut-o sa planga,Ca Elcana a trimis-o sa se roage,,,,a
2-3,1 Samuel - Capitolul 1,9,unica,Ce s-a schimbat la Ana dupa ce Eli i-a vorbit?,A inceput sa planga si mai mult,"A plecat, a mancat si fata ei nu a mai fost trista",A hotarat sa nu mai mearga la Silo,,,,b
2-3,1 Samuel - Capitolul 1,10,unica,"Dupa ce Samuel a fost intarcat, unde l-a dus Ana?","La casa lui Eli, la Silo",La Ierusalim,La casa lui Elcana din Ramataim,,,,a
8-9,1 Samuel - Capitolul 1,1,unica,"Care era ordinea corecta a numelor din familia lui Elcana, asa cum apar in inceputul capitolului?",Elcana - Ieroham - Elihu - Tohu - Tuf,Elcana - Tohu - Elihu - Ieroham - Tuf,Elcana - Elihu - Tohu - Ieroham - Tuf,,,,a
8-9,1 Samuel - Capitolul 1,2,unica,Care era diferenta dintre Ana si Penina?,"Ana era sotia mai tanara, iar Penina era slujitoarea lui Elcana","Ana nu avea copii, iar Penina avea fii si fiice","Ana locuia la Silo, iar Penina la Ramataim",,,,b
8-9,1 Samuel - Capitolul 1,3,unica,De ce ii dadea Elcana Anei o parte aleasa din jertfa?,Pentru ca era cea mai in varsta dintre sotiile lui,Pentru ca Ana avea mai multi copii,"Pentru ca o iubea, desi Domnul o facuse stearpa",,,,c
