"categoria","test","nivel","orden","tipo","pregunta","opcion_a","opcion_b","opcion_c","opcion_d","opcion_e","opcion_f","correctas"
"2-3","1 Samuel - Capitolul 1-2","facil","1","unica","Cum se numea barbatul din Ramataim-Tofim?","Eli","Elcana","Saul","","","","b"
"4-5","1 Samuel - Capitolul 1-2","facil","1","unica","Cum se numea barbatul din Ramataim-Tofim?","Eli","Elcana","Saul","","","","b"
"2-3","1 Samuel - Capitolul 1-2","facil","2","unica","Cum se numea sotia lui Elcana care nu avea copii?","Ana","Penina","Maria","","","","a"
"4-5","1 Samuel - Capitolul 1-2","facil","2","unica","Cum se numea sotia lui Elcana care nu avea copii?","Ana","Penina","Maria","","","","a"
"2-3","1 Samuel - Capitolul 1-2","facil","3","unica","Cine avea copii, spre deosebire de Ana?","Penina","Ana","Elisabeta","","","","a"
"4-5","1 Samuel - Capitolul 1-2","facil","3","unica","Cine avea copii, spre deosebire de Ana?","Penina","Ana","Elisabeta","","","","a"
"2-3","1 Samuel - Capitolul 1-2","facil","4","unica","Unde mergea Elcana in fiecare an ca sa se inchine si sa aduca jertfe Domnului?","Ierusalim","Betleem","Silo","","","","c"
"4-5","1 Samuel - Capitolul 1-2","facil","4","unica","Unde mergea Elcana in fiecare an ca sa se inchine si sa aduca jertfe Domnului?","Ierusalim","Betleem","Silo","","","","c"
"2-3","1 Samuel - Capitolul 1-2","facil","5","unica","Cum se purta Penina cu Ana?","O incuraja","O necajea","O ajuta sa se roage","","","","b"
"4-5","1 Samuel - Capitolul 1-2","facil","5","unica","Cum se purta Penina cu Ana?","O incuraja","O necajea","O ajuta sa se roage","","","","b"
"2-3","1 Samuel - Capitolul 1-2","facil","6","unica","Ce a facut Ana cand era foarte mahnita?","S-a rugat Domnului","A plecat de acasa","S-a certat cu Penina","","","","a"
"4-5","1 Samuel - Capitolul 1-2","facil","6","unica","Ce a facut Ana cand era foarte mahnita?","S-a rugat Domnului","A plecat de acasa","S-a certat cu Penina","","","","a"
"2-3","1 Samuel - Capitolul 1-2","facil","7","unica","De ce a crezut Eli ca Ana este beata?","Pentru ca Ana vorbea foarte tare","Pentru ca Ana se clatina","Pentru ca doar buzele i se miscau, iar glasul nu i se auzea","","","","c"
"4-5","1 Samuel - Capitolul 1-2","facil","7","unica","De ce a crezut Eli ca Ana este beata?","Pentru ca Ana vorbea foarte tare","Pentru ca Ana se clatina","Pentru ca doar buzele i se miscau, iar glasul nu i se auzea","","","","c"
"2-3","1 Samuel - Capitolul 1-2","facil","8","unica","Ce i-a raspuns Ana lui Eli cand acesta a mustrat-o?","Ca este o femeie necajita si ca isi varsa sufletul inaintea Domnului","Ca Penina a facut-o sa planga","Ca Elcana a trimis-o sa se roage","","","","a"
"4-5","1 Samuel - Capitolul 1-2","facil","8","unica","Ce i-a raspuns Ana lui Eli cand acesta a mustrat-o?","Ca este o femeie necajita si ca isi varsa sufletul inaintea Domnului","Ca Penina a facut-o sa planga","Ca Elcana a trimis-o sa se roage","","","","a"
"2-3","1 Samuel - Capitolul 1-2","facil","9","unica","Ce s-a schimbat la Ana dupa ce Eli i-a vorbit?","A inceput sa planga si mai mult","A plecat, a mancat si fata ei nu a mai fost trista","A hotarat sa nu mai mearga la Silo","","","","b"
"4-5","1 Samuel - Capitolul 1-2","facil","9","unica","Ce s-a schimbat la Ana dupa ce Eli i-a vorbit?","A inceput sa planga si mai mult","A plecat, a mancat si fata ei nu a mai fost trista","A hotarat sa nu mai mearga la Silo","","","","b"
"2-3","1 Samuel - Capitolul 1-2","facil","10","unica","Dupa ce Samuel a fost intarcat, unde l-a dus Ana?","La casa lui Eli, la Silo","La Ierusalim","La casa lui Elcana din Ramataim","","","","a"
"4-5","1 Samuel - Capitolul 1-2","facil","10","unica","Dupa ce Samuel a fost intarcat, unde l-a dus Ana?","La casa lui Eli, la Silo","La Ierusalim","La casa lui Elcana din Ramataim","","","","a"
"2-3","1 Samuel - Capitolul 1-2","facil","11","verdadero_falso","Elcana avea doua sotii: Ana si Penina","Adevarat","Fals","","","","","a"
"4-5","1 Samuel - Capitolul 1-2","facil","11","verdadero_falso","Elcana avea doua sotii: Ana si Penina","Adevarat","Fals","","","","","a"
"2-3","1 Samuel - Capitolul 1-2","facil","12","verdadero_falso","Ana avea mai multi copii decat Penina","Adevarat","Fals","","","","","b"
"4-5","1 Samuel - Capitolul 1-2","facil","12","verdadero_falso","Ana avea mai multi copii decat Penina","Adevarat","Fals","","","","","b"
"2-3","1 Samuel - Capitolul 1-2","facil","13","verdadero_falso","Penina o necajea pe Ana pentru ca nu avea copii","Adevarat","Fals","","","","","a"
"4-5","1 Samuel - Capitolul 1-2","facil","13","verdadero_falso","Penina o necajea pe Ana pentru ca nu avea copii","Adevarat","Fals","","","","","a"
"2-3","1 Samuel - Capitolul 1-2","facil","14","verdadero_falso","Ana s-a rugat Domnului pentru un fiu.","Adevarat","Fals","","","","","a"
"4-5","1 Samuel - Capitolul 1-2","facil","14","verdadero_falso","Ana s-a rugat Domnului pentru un fiu.","Adevarat","Fals","","","","","a"
"2-3","1 Samuel - Capitolul 1-2","facil","15","verdadero_falso","Eli a crezut la inceput ca Ana era beata","Adevarat","Fals","","","","","a"
"4-5","1 Samuel - Capitolul 1-2","facil","15","verdadero_falso","Eli a crezut la inceput ca Ana era beata","Adevarat","Fals","","","","","a"
"2-3","1 Samuel - Capitolul 1-2","facil","16","verdadero_falso","Ana i-a spus lui Eli ca nu bause vin sau bautura tare","Adevarat","Fals","","","","","a"
"4-5","1 Samuel - Capitolul 1-2","facil","16","verdadero_falso","Ana i-a spus lui Eli ca nu bause vin sau bautura tare","Adevarat","Fals","","","","","a"
"2-3","1 Samuel - Capitolul 1-2","facil","17","verdadero_falso","Samuel a fost crescut de Penina","Adevarat","Fals","","","","","b"
"4-5","1 Samuel - Capitolul 1-2","facil","17","verdadero_falso","Samuel a fost crescut de Penina","Adevarat","Fals","","","","","b"
"2-3","1 Samuel - Capitolul 1-2","facil","18","verdadero_falso","Ana l-a dus pe Samuel la Casa Domnului dupa ce l-a intarcat","Adevarat","Fals","","","","","a"
"4-5","1 Samuel - Capitolul 1-2","facil","18","verdadero_falso","Ana l-a dus pe Samuel la Casa Domnului dupa ce l-a intarcat","Adevarat","Fals","","","","","a"
"2-3","1 Samuel - Capitolul 1-2","facil","19","verdadero_falso","Hofni si Fineas erau fiii lui Eli","Adevarat","Fals","","","","","a"
"4-5","1 Samuel - Capitolul 1-2","facil","19","verdadero_falso","Hofni si Fineas erau fiii lui Eli","Adevarat","Fals","","","","","a"
"2-3","1 Samuel - Capitolul 1-2","facil","20","verdadero_falso","Samuel nu a mai slujit Domnului dupa ce a fost adus in Casa Domnului","Adevarat","Fals","","","","","b"
"4-5","1 Samuel - Capitolul 1-2","facil","20","verdadero_falso","Samuel nu a mai slujit Domnului dupa ce a fost adus in Casa Domnului","Adevarat","Fals","","","","","b"
"2-3","1 Samuel - Capitolul 1-2","facil","21","multiple","Care din urmatoarele fraze sunt adevarate?","Ana nu avea copii","Penina avea copii","Ana s-a rugat Domnului pentru un fiu","","","","a,b,c"
"4-5","1 Samuel - Capitolul 1-2","facil","21","multiple","Care din urmatoarele fraze sunt adevarate?","Ana nu avea copii","Penina avea copii","Ana s-a rugat Domnului pentru un fiu","","","","a,b,c"
"2-3","1 Samuel - Capitolul 1-2","facil","22","multiple","Ce personaje apar in 1 Samuel 1-2?","Ana","David","Eli","","","","a,c"
"4-5","1 Samuel - Capitolul 1-2","facil","22","multiple","Ce personaje apar in 1 Samuel 1-2?","Ana","David","Eli","","","","a,c"
"2-3","1 Samuel - Capitolul 1-2","facil","23","multiple","Ce s-a intamplat cu Samuel pe masura ce crestea?","Crestea inaintea Domnului","Crestea si era placut Domnului si oamenilor","Pleca din Silo","","","","a,b"
"4-5","1 Samuel - Capitolul 1-2","facil","23","multiple","Ce s-a intamplat cu Samuel pe masura ce crestea?","Crestea inaintea Domnului","Crestea si era placut Domnului si oamenilor","Pleca din Silo","","","","a,b"
"2-3","1 Samuel - Capitolul 1-2","facil","24","multiple","Ce faceau fiii lui Eli, Hofni si Fineas?","Faceau lucruri rele","Il cinsteau pe Dumnezeu in toate","Pacatuiau inaintea Domnului","","","","a,c"
"4-5","1 Samuel - Capitolul 1-2","facil","24","multiple","Ce faceau fiii lui Eli, Hofni si Fineas?","Faceau lucruri rele","Il cinsteau pe Dumnezeu in toate","Pacatuiau inaintea Domnului","","","","a,c"
"2-3","1 Samuel - Capitolul 1-2","facil","25","multiple","Cine il iubea pe Samuel?","Domnul","Ana","Dumnezeu nu stia de el pentru ca era inca copil","","","","a,b"
"4-5","1 Samuel - Capitolul 1-2","facil","25","multiple","Cine il iubea pe Samuel?","Domnul","Ana","Dumnezeu nu stia de el pentru ca era inca copil","","","","a,b"
"6-7","1 Samuel - Capitolul 1-2","medio","1","unica","Din ce cetate era Elcana?","Betleem","Rama","Ghibea","","","","b"
"8-9","1 Samuel - Capitolul 1-2","medio","1","unica","Din ce cetate era Elcana?","Betleem","Rama","Ghibea","","","","b"
"6-7","1 Samuel - Capitolul 1-2","medio","2","unica","Cum se numeau cele doua sotii ale lui Elcana? (1:2)","Ana si Penina","Ana si Mical","Penina si Abigail","","","","a"
"8-9","1 Samuel - Capitolul 1-2","medio","2","unica","Cum se numeau cele doua sotii ale lui Elcana? (1:2)","Ana si Penina","Ana si Mical","Penina si Abigail","","","","a"
"6-7","1 Samuel - Capitolul 1-2","medio","3","unica","De ce era mahnita Ana? (1:6-7)","Pentru ca Elcana o ura","Pentru ca Penina o batjocorea din cauza faptului ca nu avea copii","Pentru ca nu putea merge la Cortul Intalnirii","","","","b"
"8-9","1 Samuel - Capitolul 1-2","medio","3","unica","De ce era mahnita Ana? (1:6-7)","Pentru ca Elcana o ura","Pentru ca Penina o batjocorea din cauza faptului ca nu avea copii","Pentru ca nu putea merge la Cortul Intalnirii","","","","b"
"6-7","1 Samuel - Capitolul 1-2","medio","4","unica","Ce i-a promis Ana Domnului daca ii va da un fiu? (1:11)","Ca il va face preot","Ca il va trimite la Ierusalim","Ca il va inchina Domnului pentru toate zilele vietii lui","","","","c"
"8-9","1 Samuel - Capitolul 1-2","medio","4","unica","Ce i-a promis Ana Domnului daca ii va da un fiu? (1:11)","Ca il va face preot","Ca il va trimite la Ierusalim","Ca il va inchina Domnului pentru toate zilele vietii lui","","","","c"
"6-7","1 Samuel - Capitolul 1-2","medio","5","unica","Cine a crezut ca Ana era beata? (1:12-14)","Elcana","Eli","Penina si Abigail","","","","b"
"8-9","1 Samuel - Capitolul 1-2","medio","5","unica","Cine a crezut ca Ana era beata? (1:12-14)","Elcana","Eli","Penina si Abigail","","","","b"
"6-7","1 Samuel - Capitolul 1-2","medio","6","unica","Ce i-a raspuns Ana lui Eli cand acesta a intrebat-o de ce este beata? (1:15-16)","Ca era foarte obosita","Ca nu bause vin sau bautura tare, ci isi varsa sufletul inaintea Domnului","Ca Penina o facuse sa planga","","","","b"
"8-9","1 Samuel - Capitolul 1-2","medio","6","unica","Ce i-a raspuns Ana lui Eli cand acesta a intrebat-o de ce este beata? (1:15-16)","Ca era foarte obosita","Ca nu bause vin sau bautura tare, ci isi varsa sufletul inaintea Domnului","Ca Penina o facuse sa planga","","","","b"
"6-7","1 Samuel - Capitolul 1-2","medio","7","unica","Ce nume i-a dat Ana fiului ei?","Samuel","Saul","I-Cabod","","","","a"
"8-9","1 Samuel - Capitolul 1-2","medio","7","unica","Ce nume i-a dat Ana fiului ei?","Samuel","Saul","I-Cabod","","","","a"
"6-7","1 Samuel - Capitolul 1-2","medio","8","unica","Cand l-a dus Ana pe Samuel la Casa Domnului? (1:24)","Dupa ce l-a intarcat","Imediat dupa nastere","Cand a implinit 12 ani","","","","a"
"8-9","1 Samuel - Capitolul 1-2","medio","8","unica","Cand l-a dus Ana pe Samuel la Casa Domnului? (1:24)","Dupa ce l-a intarcat","Imediat dupa nastere","Cand a implinit 12 ani","","","","a"
"6-7","1 Samuel - Capitolul 1-2","medio","9","unica","Ce faceau fiii lui Eli cu jertfele aduse Domnului? (2:12-17)","Le imparteau saracilor","Luau pentru ei partea care nu era a lor","Le ardeau in intregime","","","","b"
"8-9","1 Samuel - Capitolul 1-2","medio","9","unica","Ce faceau fiii lui Eli cu jertfele aduse Domnului? (2:12-17)","Le imparteau saracilor","Luau pentru ei partea care nu era a lor","Le ardeau in intregime","","","","b"
"6-7","1 Samuel - Capitolul 1-2","medio","10","unica","Ce facea Samuel in slujba Domnului? (2:18)","Purta un efod de in si slujea inaintea Domnului","Conducea poporul in lupta","Aducea singur toate jertfele","","","","a"
"8-9","1 Samuel - Capitolul 1-2","medio","10","unica","Ce facea Samuel in slujba Domnului? (2:18)","Purta un efod de in si slujea inaintea Domnului","Conducea poporul in lupta","Aducea singur toate jertfele","","","","a"
"6-7","1 Samuel - Capitolul 1-2","medio","11","verdadero_falso","Elcana se suia în fiecare an din cetatea lui ca să se închine și să aducă jertfe Domnului. (1:3)","Adevarat","Fals","","","","","a"
"8-9","1 Samuel - Capitolul 1-2","medio","11","verdadero_falso","Elcana se suia în fiecare an din cetatea lui ca să se închine și să aducă jertfe Domnului. (1:3)","Adevarat","Fals","","","","","a"
"6-7","1 Samuel - Capitolul 1-2","medio","12","verdadero_falso","Penina avea copii, iar Ana nu avea copii. (1:2)","Adevarat","Fals","","","","","a"
"8-9","1 Samuel - Capitolul 1-2","medio","12","verdadero_falso","Penina avea copii, iar Ana nu avea copii. (1:2)","Adevarat","Fals","","","","","a"
"6-7","1 Samuel - Capitolul 1-2","medio","13","verdadero_falso","Elcana i-a spus Anei că pentru el valorează mai mult decât zece fii. (1:8)","Adevarat","Fals","","","","","a"
"8-9","1 Samuel - Capitolul 1-2","medio","13","verdadero_falso","Elcana i-a spus Anei că pentru el valorează mai mult decât zece fii. (1:8)","Adevarat","Fals","","","","","a"
"6-7","1 Samuel - Capitolul 1-2","medio","14","verdadero_falso","Ana i-a spus lui Eli că este beată pentru că băuse vin. (1:15)","Adevarat","Fals","","","","","b"
"8-9","1 Samuel - Capitolul 1-2","medio","14","verdadero_falso","Ana i-a spus lui Eli că este beată pentru că băuse vin. (1:15)","Adevarat","Fals","","","","","b"
"6-7","1 Samuel - Capitolul 1-2","medio","15","verdadero_falso","După ce s-a rugat, Ana a plecat și fața ei nu mai era aceeași ca înainte. (1:18)","Adevarat","Fals","","","","","a"
"8-9","1 Samuel - Capitolul 1-2","medio","15","verdadero_falso","După ce s-a rugat, Ana a plecat și fața ei nu mai era aceeași ca înainte. (1:18)","Adevarat","Fals","","","","","a"
"6-7","1 Samuel - Capitolul 1-2","medio","16","verdadero_falso","Samuel a fost închinat Domnului pentru toate zilele vieții lui. (1:11,28)","Adevarat","Fals","","","","","a"
"8-9","1 Samuel - Capitolul 1-2","medio","16","verdadero_falso","Samuel a fost închinat Domnului pentru toate zilele vieții lui. (1:11,28)","Adevarat","Fals","","","","","a"
"6-7","1 Samuel - Capitolul 1-2","medio","17","verdadero_falso","Elcana a mers cu Ana când aceasta l-a dus pe Samuel la Casa Domnului. (1:24)","Adevarat","Fals","","","","","a"
"8-9","1 Samuel - Capitolul 1-2","medio","17","verdadero_falso","Elcana a mers cu Ana când aceasta l-a dus pe Samuel la Casa Domnului. (1:24)","Adevarat","Fals","","","","","a"
"6-7","1 Samuel - Capitolul 1-2","medio","18","verdadero_falso","Fiii lui Eli erau cunoscuți pentru că se temeau foarte mult de Domnul. (2:12)","Adevarat","Fals","","","","","b"
"8-9","1 Samuel - Capitolul 1-2","medio","18","verdadero_falso","Fiii lui Eli erau cunoscuți pentru că se temeau foarte mult de Domnul. (2:12)","Adevarat","Fals","","","","","b"
"6-7","1 Samuel - Capitolul 1-2","medio","19","verdadero_falso","Samuel slujea înaintea Domnului, fiind încă băiat. (2:18)","Adevarat","Fals","","","","","a"
"8-9","1 Samuel - Capitolul 1-2","medio","19","verdadero_falso","Samuel slujea înaintea Domnului, fiind încă băiat. (2:18)","Adevarat","Fals","","","","","a"
"6-7","1 Samuel - Capitolul 1-2","medio","20","verdadero_falso","Ana a mai avut trei fii și două fiice după Samuel. (2:21)","Adevarat","Fals","","","","","a"
"8-9","1 Samuel - Capitolul 1-2","medio","20","verdadero_falso","Ana a mai avut trei fii și două fiice după Samuel. (2:21)","Adevarat","Fals","","","","","a"
"6-7","1 Samuel - Capitolul 1-2","medio","21","multiple","Care dintre urmatoarele lucruri sunt mentionate despre ana in 1 Samuel 1? (1:10-11)","Se ruga Domnului cu multa amaraciune","A facut un juramant Domnului","A promis ca, daca primeste un fiu, il va inchina Domnului","","","","a,b,c"
"8-9","1 Samuel - Capitolul 1-2","medio","21","multiple","Care dintre urmatoarele lucruri sunt mentionate despre ana in 1 Samuel 1? (1:10-11)","Se ruga Domnului cu multa amaraciune","A facut un juramant Domnului","A promis ca, daca primeste un fiu, il va inchina Domnului","","","","a,b,c"
"6-7","1 Samuel - Capitolul 1-2","medio","22","multiple","Care dintre următoarele afirmații despre Elcana sunt adevărate? (1:1-5)","Avea doua sotii","Ii dadea Anei o parte indoita din jertfa","Era din Rama","","","","a,b,c"
"8-9","1 Samuel - Capitolul 1-2","medio","22","multiple","Care dintre următoarele afirmații despre Elcana sunt adevărate? (1:1-5)","Avea doua sotii","Ii dadea Anei o parte indoita din jertfa","Era din Rama","","","","a,b,c"
"6-7","1 Samuel - Capitolul 1-2","medio","23","multiple","Care dintre următoarele afirmații despre fiii lui Eli sunt adevărate? (1:3-2:12)","Se numeau Hofni si Fineas","Erau preoti ai Domnului","Il cunosteau si se temeau de Domnul","","","","a,b"
"8-9","1 Samuel - Capitolul 1-2","medio","23","multiple","Care dintre următoarele afirmații despre fiii lui Eli sunt adevărate? (1:3-2:12)","Se numeau Hofni si Fineas","Erau preoti ai Domnului","Il cunosteau si se temeau de Domnul","","","","a,b"
"6-7","1 Samuel - Capitolul 1-2","medio","24","multiple","Ce lucruri sunt menționate despre Samuel în capitolul 2? (2:18-19)","Slujea inaintea Domnului","Purta un efod de in","Mama lui facea in fiecare an o mantie mica","","","","a,b,c"
"8-9","1 Samuel - Capitolul 1-2","medio","24","multiple","Ce lucruri sunt menționate despre Samuel în capitolul 2? (2:18-19)","Slujea inaintea Domnului","Purta un efod de in","Mama lui facea in fiecare an o mantie mica","","","","a,b,c"
"6-7","1 Samuel - Capitolul 1-2","medio","25","multiple","Care dintre următoarele afirmații apar în rugăciunea Anei din 1 Samuel 2? (2:1-8)","""Inima mea se bucura in Domnul""","Domnul este un Dumnezeu care stie totul","Domnul inalta pe cel smerit si il ridica din tarana pe cel sarac","","","","a,b,c"
"8-9","1 Samuel - Capitolul 1-2","medio","25","multiple","Care dintre următoarele afirmații apar în rugăciunea Anei din 1 Samuel 2? (2:1-8)","""Inima mea se bucura in Domnul""","Domnul este un Dumnezeu care stie totul","Domnul inalta pe cel smerit si il ridica din tarana pe cel sarac","","","","a,b,c"
"10-11","1 Samuel - Capitolul 1-2","dificil","1","unica","Din ce loc era Elcana, conform începutului cărții? (1:1)","Din Ramataim-Tofin, din muntele Lui Efraim","Ramataim-Tofim, din tinutul lui Efraim, din muntele lui Tuf","Betleem, din tinutul lui Iuda, din muntele lui Efraim","","","","a"
"18-35","1 Samuel - Capitolul 1-2","dificil","1","unica","Din ce loc era Elcana, conform începutului cărții? (1:1)","Din Ramataim-Tofin, din muntele Lui Efraim","Ramataim-Tofim, din tinutul lui Efraim, din muntele lui Tuf","Betleem, din tinutul lui Iuda, din muntele lui Efraim","","","","a"
"+35","1 Samuel - Capitolul 1-2","dificil","1","unica","Din ce loc era Elcana, conform începutului cărții? (1:1)","Din Ramataim-Tofin, din muntele Lui Efraim","Ramataim-Tofim, din tinutul lui Efraim, din muntele lui Tuf","Betleem, din tinutul lui Iuda, din muntele lui Efraim","","","","a"
"10-11","1 Samuel - Capitolul 1-2","dificil","2","unica","In ce ordine sunt prezentate sotiile lui Elcana si situatia lor? (1:2)","Penina, care avea copii, si Ana, care nu avea copii","Ana, care avea copii, si Penina, care nu avea copii","Ana, care nu avea copii, si Penina, care nu avea copii","","","","a"
"18-35","1 Samuel - Capitolul 1-2","dificil","2","unica","In ce ordine sunt prezentate sotiile lui Elcana si situatia lor? (1:2)","Penina, care avea copii, si Ana, care nu avea copii","Ana, care avea copii, si Penina, care nu avea copii","Ana, care nu avea copii, si Penina, care nu avea copii","","","","a"
"+35","1 Samuel - Capitolul 1-2","dificil","2","unica","In ce ordine sunt prezentate sotiile lui Elcana si situatia lor? (1:2)","Penina, care avea copii, si Ana, care nu avea copii","Ana, care avea copii, si Penina, care nu avea copii","Ana, care nu avea copii, si Penina, care nu avea copii","","","","a"
"10-11","1 Samuel - Capitolul 1-2","dificil","3","unica","Ce facea Elcana in fiecare an cand se suia din cetatea sa? (1:3)","Se inchina si aducea jertfe Domnului ostirilor la Silo","Se inchina Domnului si aducea jertfe la Betel","Se suia la Ierusalim ca sa aduca jertfe Domnulu","","","","a"
"18-35","1 Samuel - Capitolul 1-2","dificil","3","unica","Ce facea Elcana in fiecare an cand se suia din cetatea sa? (1:3)","Se inchina si aducea jertfe Domnului ostirilor la Silo","Se inchina Domnului si aducea jertfe la Betel","Se suia la Ierusalim ca sa aduca jertfe Domnulu","","","","a"
"+35","1 Samuel - Capitolul 1-2","dificil","3","unica","Ce facea Elcana in fiecare an cand se suia din cetatea sa? (1:3)","Se inchina si aducea jertfe Domnului ostirilor la Silo","Se inchina Domnului si aducea jertfe la Betel","Se suia la Ierusalim ca sa aduca jertfe Domnulu","","","","a"
"10-11","1 Samuel - Capitolul 1-2","dificil","4","unica","Ce ii dadea Elcana Anei atunci cand impartea partile din jertfa? (1:4-5)","O parte mai mare decat tuturor fiilor Peninei","O parte aleasa, pentru ca o iubea, desi Domnul o facuse stearpa","Doua parti, pentru ca Ana era intaia lui sotie","","","","b"
"18-35","1 Samuel - Capitolul 1-2","dificil","4","unica","Ce ii dadea Elcana Anei atunci cand impartea partile din jertfa? (1:4-5)","O parte mai mare decat tuturor fiilor Peninei","O parte aleasa, pentru ca o iubea, desi Domnul o facuse stearpa","Doua parti, pentru ca Ana era intaia lui sotie","","","","b"
"+35","1 Samuel - Capitolul 1-2","dificil","4","unica","Ce ii dadea Elcana Anei atunci cand impartea partile din jertfa? (1:4-5)","O parte mai mare decat tuturor fiilor Peninei","O parte aleasa, pentru ca o iubea, desi Domnul o facuse stearpa","Doua parti, pentru ca Ana era intaia lui sotie","","","","b"
"10-11","1 Samuel - Capitolul 1-2","dificil","5","unica","Ce facea Ana dupa ce a mancat si a baut la Silo? (1:9)","Se intorcea imediat acasa cu Elcana","Se ridica si se ducea inaintea Domnului","Se ducea sa vorbeasca cu Penina","","","","b"
"18-35","1 Samuel - Capitolul 1-2","dificil","5","unica","Ce facea Ana dupa ce a mancat si a baut la Silo? (1:9)","Se intorcea imediat acasa cu Elcana","Se ridica si se ducea inaintea Domnului","Se ducea sa vorbeasca cu Penina","","","","b"
"+35","1 Samuel - Capitolul 1-2","dificil","5","unica","Ce facea Ana dupa ce a mancat si a baut la Silo? (1:9)","Se intorcea imediat acasa cu Elcana","Se ridica si se ducea inaintea Domnului","Se ducea sa vorbeasca cu Penina","","","","b"
"10-11","1 Samuel - Capitolul 1-2","dificil","6","unica","Ce NU apare in juramantul Anei din 1 Samuel 1:11?","""Daca vei binevoi sa te uiti spre intristarea roabei Tale""","""Daca vei da roabei Tale un copil de parte barbateasca""","""Il voi face preot peste Israel""","","","","c"
"18-35","1 Samuel - Capitolul 1-2","dificil","6","unica","Ce NU apare in juramantul Anei din 1 Samuel 1:11?","""Daca vei binevoi sa te uiti spre intristarea roabei Tale""","""Daca vei da roabei Tale un copil de parte barbateasca""","""Il voi face preot peste Israel""","","","","c"
"+35","1 Samuel - Capitolul 1-2","dificil","6","unica","Ce NU apare in juramantul Anei din 1 Samuel 1:11?","""Daca vei binevoi sa te uiti spre intristarea roabei Tale""","""Daca vei da roabei Tale un copil de parte barbateasca""","""Il voi face preot peste Israel""","","","","c"
"10-11","1 Samuel - Capitolul 1-2","dificil","7","unica","Ce a spus Eli dupa ce Ana i-a explicat motivul rugaciunii sale? (1:17)","""Du-te in pace si Dumnezeul lui Israel sa asculte rugaciunea pe care I-ai facut-o""","""Du-te in pace si Dumnezeu sa asculte rugaciunea pe care I-ai facut-o""","""Domnul sa-ti dea un fiu si sa- faci preot!""","","","","b"
"18-35","1 Samuel - Capitolul 1-2","dificil","7","unica","Ce a spus Eli dupa ce Ana i-a explicat motivul rugaciunii sale? (1:17)","""Du-te in pace si Dumnezeul lui Israel sa asculte rugaciunea pe care I-ai facut-o""","""Du-te in pace si Dumnezeu sa asculte rugaciunea pe care I-ai facut-o""","""Domnul sa-ti dea un fiu si sa- faci preot!""","","","","b"
"+35","1 Samuel - Capitolul 1-2","dificil","7","unica","Ce a spus Eli dupa ce Ana i-a explicat motivul rugaciunii sale? (1:17)","""Du-te in pace si Dumnezeul lui Israel sa asculte rugaciunea pe care I-ai facut-o""","""Du-te in pace si Dumnezeu sa asculte rugaciunea pe care I-ai facut-o""","""Domnul sa-ti dea un fiu si sa- faci preot!""","","","","b"
"10-11","1 Samuel - Capitolul 1-2","dificil","8","unica","De ce i-a pus Ana numele Samuel copilului? (1:20)","Pentru ca era primul ei copil","Pentru ca il ceruse de la Domnul","Pentru ca Eli ii spusese sa-i puna acest nume","","","","b"
"18-35","1 Samuel - Capitolul 1-2","dificil","8","unica","De ce i-a pus Ana numele Samuel copilului? (1:20)","Pentru ca era primul ei copil","Pentru ca il ceruse de la Domnul","Pentru ca Eli ii spusese sa-i puna acest nume","","","","b"
"+35","1 Samuel - Capitolul 1-2","dificil","8","unica","De ce i-a pus Ana numele Samuel copilului? (1:20)","Pentru ca era primul ei copil","Pentru ca il ceruse de la Domnul","Pentru ca Eli ii spusese sa-i puna acest nume","","","","b"
"10-11","1 Samuel - Capitolul 1-2","dificil","9","unica","Care dintre urmatoarele descrie corect ceea ce facea Ana pentru Samuel? (2:19)","Ii facea in fiecare an o mantie mica si i-o ducea cand se suia cu barbatul ei sa aduca jertfa anuala","Ii facea in fiecare luna haine noi si i le trimitea prin Elcana","Ii facea un efod in fiecare an","","","","a"
"18-35","1 Samuel - Capitolul 1-2","dificil","9","unica","Care dintre urmatoarele descrie corect ceea ce facea Ana pentru Samuel? (2:19)","Ii facea in fiecare an o mantie mica si i-o ducea cand se suia cu barbatul ei sa aduca jertfa anuala","Ii facea in fiecare luna haine noi si i le trimitea prin Elcana","Ii facea un efod in fiecare an","","","","a"
"+35","1 Samuel - Capitolul 1-2","dificil","9","unica","Care dintre urmatoarele descrie corect ceea ce facea Ana pentru Samuel? (2:19)","Ii facea in fiecare an o mantie mica si i-o ducea cand se suia cu barbatul ei sa aduca jertfa anuala","Ii facea in fiecare luna haine noi si i le trimitea prin Elcana","Ii facea un efod in fiecare an","","","","a"
"10-11","1 Samuel - Capitolul 1-2","dificil","10","unica","Ce motiv este dat pentru care fii lui Eli nu ascultau de tatal lor? (2:12-13)","Pentru ca erau rai si nu cunosteau pe Domnul","Pentru ca erau tineri si nu fusesera inca preoti","Pentru ca Eli ii trimitea sa slujeasca in alte cetati","","","","a"
"18-35","1 Samuel - Capitolul 1-2","dificil","10","unica","Ce motiv este dat pentru care fii lui Eli nu ascultau de tatal lor? (2:12-13)","Pentru ca erau rai si nu cunosteau pe Domnul","Pentru ca erau tineri si nu fusesera inca preoti","Pentru ca Eli ii trimitea sa slujeasca in alte cetati","","","","a"
"+35","1 Samuel - Capitolul 1-2","dificil","10","unica","Ce motiv este dat pentru care fii lui Eli nu ascultau de tatal lor? (2:12-13)","Pentru ca erau rai si nu cunosteau pe Domnul","Pentru ca erau tineri si nu fusesera inca preoti","Pentru ca Eli ii trimitea sa slujeasca in alte cetati","","","","a"
"10-11","1 Samuel - Capitolul 1-2","dificil","11","verdadero_falso","Elcana era din Ramataim-Tofin, din muntele Lui Efraim (1:1)","Adevarat","Fals","","","","","a"
"18-35","1 Samuel - Capitolul 1-2","dificil","11","verdadero_falso","Elcana era din Ramataim-Tofin, din muntele Lui Efraim (1:1)","Adevarat","Fals","","","","","a"
"+35","1 Samuel - Capitolul 1-2","dificil","11","verdadero_falso","Elcana era din Ramataim-Tofin, din muntele Lui Efraim (1:1)","Adevarat","Fals","","","","","a"
"10-11","1 Samuel - Capitolul 1-2","dificil","12","verdadero_falso","Elcana ii dadea Anei o parte indoita deoarece o iubea (1:5)","Adevarat","Fals","","","","","a"
"18-35","1 Samuel - Capitolul 1-2","dificil","12","verdadero_falso","Elcana ii dadea Anei o parte indoita deoarece o iubea (1:5)","Adevarat","Fals","","","","","a"
"+35","1 Samuel - Capitolul 1-2","dificil","12","verdadero_falso","Elcana ii dadea Anei o parte indoita deoarece o iubea (1:5)","Adevarat","Fals","","","","","a"
"10-11","1 Samuel - Capitolul 1-2","dificil","13","verdadero_falso","Ana i-a spus lui Eli ca este o femeie cu inima vesela (1:15)","Adevarat","Fals","","","","","b"
"18-35","1 Samuel - Capitolul 1-2","dificil","13","verdadero_falso","Ana i-a spus lui Eli ca este o femeie cu inima vesela (1:15)","Adevarat","Fals","","","","","b"
"+35","1 Samuel - Capitolul 1-2","dificil","13","verdadero_falso","Ana i-a spus lui Eli ca este o femeie cu inima vesela (1:15)","Adevarat","Fals","","","","","b"
"10-11","1 Samuel - Capitolul 1-2","dificil","14","verdadero_falso","Ana duce in fiecare an un miel la Silo (2:19)","Adevarat","Fals","","","","","b"
"18-35","1 Samuel - Capitolul 1-2","dificil","14","verdadero_falso","Ana duce in fiecare an un miel la Silo (2:19)","Adevarat","Fals","","","","","b"
"+35","1 Samuel - Capitolul 1-2","dificil","14","verdadero_falso","Ana duce in fiecare an un miel la Silo (2:19)","Adevarat","Fals","","","","","b"
"10-11","1 Samuel - Capitolul 1-2","dificil","15","verdadero_falso","Dumnezeu a spus ca va lasa casa lui Eli sa continue pentru totdeauna in slujba preotiei (2:30-31)","Adevarat","Fals","","","","","b"
"18-35","1 Samuel - Capitolul 1-2","dificil","15","verdadero_falso","Dumnezeu a spus ca va lasa casa lui Eli sa continue pentru totdeauna in slujba preotiei (2:30-31)","Adevarat","Fals","","","","","b"
"+35","1 Samuel - Capitolul 1-2","dificil","15","verdadero_falso","Dumnezeu a spus ca va lasa casa lui Eli sa continue pentru totdeauna in slujba preotiei (2:30-31)","Adevarat","Fals","","","","","b"
"10-11","1 Samuel - Capitolul 1-2","dificil","16","verdadero_falso","Tanarul Samuel crestea si era placut Domnului si oamenilor (2:26)","Adevarat","Fals","","","","","a"
"18-35","1 Samuel - Capitolul 1-2","dificil","16","verdadero_falso","Tanarul Samuel crestea si era placut Domnului si oamenilor (2:26)","Adevarat","Fals","","","","","a"
"+35","1 Samuel - Capitolul 1-2","dificil","16","verdadero_falso","Tanarul Samuel crestea si era placut Domnului si oamenilor (2:26)","Adevarat","Fals","","","","","a"
"10-11","1 Samuel - Capitolul 1-2","dificil","17","verdadero_falso","""Caci voi cinsti pe cine Ma cinsteste, dar cei ce Ma dispretuiesc vor fi iubiti"" (2:30)","Adevarat","Fals","","","","","b"
"18-35","1 Samuel - Capitolul 1-2","dificil","17","verdadero_falso","""Caci voi cinsti pe cine Ma cinsteste, dar cei ce Ma dispretuiesc vor fi iubiti"" (2:30)","Adevarat","Fals","","","","","b"
"+35","1 Samuel - Capitolul 1-2","dificil","17","verdadero_falso","""Caci voi cinsti pe cine Ma cinsteste, dar cei ce Ma dispretuiesc vor fi iubiti"" (2:30)","Adevarat","Fals","","","","","b"
"10-11","1 Samuel - Capitolul 1-2","dificil","18","verdadero_falso","Ana l-a dus pe Samuel la Casa Domnului cand era sugar (1:22-24)","Adevarat","Fals","","","","","b"
"18-35","1 Samuel - Capitolul 1-2","dificil","18","verdadero_falso","Ana l-a dus pe Samuel la Casa Domnului cand era sugar (1:22-24)","Adevarat","Fals","","","","","b"
"+35","1 Samuel - Capitolul 1-2","dificil","18","verdadero_falso","Ana l-a dus pe Samuel la Casa Domnului cand era sugar (1:22-24)","Adevarat","Fals","","","","","b"
"10-11","1 Samuel - Capitolul 1-2","dificil","19","verdadero_falso","Fiii lui Eli se numeau Hofni si Fineas (2:34)","Adevarat","Fals","","","","","a"
"18-35","1 Samuel - Capitolul 1-2","dificil","19","verdadero_falso","Fiii lui Eli se numeau Hofni si Fineas (2:34)","Adevarat","Fals","","","","","a"
"+35","1 Samuel - Capitolul 1-2","dificil","19","verdadero_falso","Fiii lui Eli se numeau Hofni si Fineas (2:34)","Adevarat","Fals","","","","","a"
"10-11","1 Samuel - Capitolul 1-2","dificil","20","verdadero_falso","Elcana era fiul lui Ieroham, fiul lui Elihu, fiul lui Tohu, fiul lui Tuf","Adevarat","Fals","","","","","a"
"18-35","1 Samuel - Capitolul 1-2","dificil","20","verdadero_falso","Elcana era fiul lui Ieroham, fiul lui Elihu, fiul lui Tohu, fiul lui Tuf","Adevarat","Fals","","","","","a"
"+35","1 Samuel - Capitolul 1-2","dificil","20","verdadero_falso","Elcana era fiul lui Ieroham, fiul lui Elihu, fiul lui Tohu, fiul lui Tuf","Adevarat","Fals","","","","","a"
"10-11","1 Samuel - Capitolul 1-2","dificil","21","multiple","Care dintre urmatoarele elemente apar in juramantul Anei? (1:11)","Sa dea copilul Domnului pentru toate zilele vietii lui","Sa nu treaca briciul peste capul lui","Sa-l faca nazireu dupa ce va implini 12 ani","","","","a,b"
"18-35","1 Samuel - Capitolul 1-2","dificil","21","multiple","Care dintre urmatoarele elemente apar in juramantul Anei? (1:11)","Sa dea copilul Domnului pentru toate zilele vietii lui","Sa nu treaca briciul peste capul lui","Sa-l faca nazireu dupa ce va implini 12 ani","","","","a,b"
"+35","1 Samuel - Capitolul 1-2","dificil","21","multiple","Care dintre urmatoarele elemente apar in juramantul Anei? (1:11)","Sa dea copilul Domnului pentru toate zilele vietii lui","Sa nu treaca briciul peste capul lui","Sa-l faca nazireu dupa ce va implini 12 ani","","","","a,b"
"10-11","1 Samuel - Capitolul 1-2","dificil","22","multiple","Care dintre urmatoarele afirmatii despre calatoria la Silo sunt corecte? 1:3-7","Elcana se suia in fiecare an sa se inchine si sa aduca jertfe Domnului","Penina o necajea pe Ana atunci cand se suiau la Casa Domnului","Ana nu manca si plangea in acele imprejurari","","","","a,b,c"
"18-35","1 Samuel - Capitolul 1-2","dificil","22","multiple","Care dintre urmatoarele afirmatii despre calatoria la Silo sunt corecte? 1:3-7","Elcana se suia in fiecare an sa se inchine si sa aduca jertfe Domnului","Penina o necajea pe Ana atunci cand se suiau la Casa Domnului","Ana nu manca si plangea in acele imprejurari","","","","a,b,c"
"+35","1 Samuel - Capitolul 1-2","dificil","22","multiple","Care dintre urmatoarele afirmatii despre calatoria la Silo sunt corecte? 1:3-7","Elcana se suia in fiecare an sa se inchine si sa aduca jertfe Domnului","Penina o necajea pe Ana atunci cand se suiau la Casa Domnului","Ana nu manca si plangea in acele imprejurari","","","","a,b,c"
"10-11","1 Samuel - Capitolul 1-2","dificil","23","multiple","Care dintre urmatoarele afirmatii despre Samuel sunt corecte?","Numele lui este explicat prin faptul ca Ana il ceruse de la Domnul","A fost dus la Casa Domnului dupa ce a fost intarcat","A fost crescut in casa lui Eli","","","","a,b"
"18-35","1 Samuel - Capitolul 1-2","dificil","23","multiple","Care dintre urmatoarele afirmatii despre Samuel sunt corecte?","Numele lui este explicat prin faptul ca Ana il ceruse de la Domnul","A fost dus la Casa Domnului dupa ce a fost intarcat","A fost crescut in casa lui Eli","","","","a,b"
"+35","1 Samuel - Capitolul 1-2","dificil","23","multiple","Care dintre urmatoarele afirmatii despre Samuel sunt corecte?","Numele lui este explicat prin faptul ca Ana il ceruse de la Domnul","A fost dus la Casa Domnului dupa ce a fost intarcat","A fost crescut in casa lui Eli","","","","a,b"
"10-11","1 Samuel - Capitolul 1-2","dificil","24","multiple","Care dintre urmatoarele lucruri sunt condamnate in legatura cu fiii lui Eli?","Luau din jertfe inainte ca grasimea sa fie arsa","Amenintau oamenii care nu le dadeau carnea","Se culcau cu femeile care slujeau la usa Cortului intalnirii","","","","a,b,c"
"18-35","1 Samuel - Capitolul 1-2","dificil","24","multiple","Care dintre urmatoarele lucruri sunt condamnate in legatura cu fiii lui Eli?","Luau din jertfe inainte ca grasimea sa fie arsa","Amenintau oamenii care nu le dadeau carnea","Se culcau cu femeile care slujeau la usa Cortului intalnirii","","","","a,b,c"
"+35","1 Samuel - Capitolul 1-2","dificil","24","multiple","Care dintre urmatoarele lucruri sunt condamnate in legatura cu fiii lui Eli?","Luau din jertfe inainte ca grasimea sa fie arsa","Amenintau oamenii care nu le dadeau carnea","Se culcau cu femeile care slujeau la usa Cortului intalnirii","","","","a,b,c"
"10-11","1 Samuel - Capitolul 1-2","dificil","25","multiple","Care dintre urmatoarele afirmatii apar in cuvantul omului lui Dumnezeu catre Eli? (2:27-35)","Casa lui Eli fusese aleasa pentru slujba preotiei","Domnul ii va omori pe cei doi fii ai lui Eli in aceeasi zi","Dumnezeu va ridica un preot credincios care va face dupa inima si sufletul Lui","","","","a,c"
"18-35","1 Samuel - Capitolul 1-2","dificil","25","multiple","Care dintre urmatoarele afirmatii apar in cuvantul omului lui Dumnezeu catre Eli? (2:27-35)","Casa lui Eli fusese aleasa pentru slujba preotiei","Domnul ii va omori pe cei doi fii ai lui Eli in aceeasi zi","Dumnezeu va ridica un preot credincios care va face dupa inima si sufletul Lui","","","","a,c"
"+35","1 Samuel - Capitolul 1-2","dificil","25","multiple","Care dintre urmatoarele afirmatii apar in cuvantul omului lui Dumnezeu catre Eli? (2:27-35)","Casa lui Eli fusese aleasa pentru slujba preotiei","Domnul ii va omori pe cei doi fii ai lui Eli in aceeasi zi","Dumnezeu va ridica un preot credincios care va face dupa inima si sufletul Lui","","","","a,c"
